{
    "projects" : [
        {
            "artifacts" : [
                {
                    "extension" : "jar",
                    "name" : "scala-library",
                    "organization" : "org.scala-lang"
                }
            ],
            "dependencies" : [],
            "name" : "scala-library",
            "organization" : "org.scala-lang"
        },
        {
            "artifacts" : [
                {
                    "extension" : "jar",
                    "name" : "scala-reflect",
                    "organization" : "org.scala-lang"
                }
            ],
            "dependencies" : [
                {
                    "extension" : "jar",
                    "name" : "scala-library",
                    "organization" : "org.scala-lang"
                }
            ],
            "name" : "scala-reflect",
            "organization" : "org.scala-lang"
        },
        {
            "artifacts" : [
                {
                    "extension" : "jar",
                    "name" : "scala-compiler",
                    "organization" : "org.scala-lang"
                }
            ],
            "dependencies" : [
                {
                    "extension" : "jar",
                    "name" : "scala-reflect",
                    "organization" : "org.scala-lang"
                },
                {
                    "extension" : "jar",
                    "name" : "scala-xml",
                    "organization" : "org.scala-lang.modules"
                }
            ],
            "name" : "scala-compiler",
            "organization" : "org.scala-lang"
        },
        {
            "artifacts" : [
                {
                    "extension" : "jar",
                    "name" : "scalap",
                    "organization" : "org.scala-lang"
                }
            ],
            "dependencies" : [
                {
                    "extension" : "jar",
                    "name" : "scala-compiler",
                    "organization" : "org.scala-lang"
                }
            ],
            "name" : "scalap",
            "organization" : "org.scala-lang"
        }
    ],
    "subproj" : [],
    "version" : "2.12.0"
}
